1020000011|henri|1980-10-13|MALE|ABMINUS|henri@gmail.com|99999999|1|2000000001
1020000012|jameson|1990-08-15|MALE|ABPLUS|jameson@gmail.com|88888888|0
1020000013|aliam|1981-04-21|MALE|APLUS|aliam@gmail.com|12345678|0
1020000014|samuel|1998-11-20|MALE|APLUS|samuel@gmail.com|12345679|0
1020000015|leo|1984-11-23|MALE|BMINUS|leo@gmail.com|12345680|0
1020000016|sarah|1989-04-05|FEMALE|OMINUS|sarah@gmail.com|12345681|0
1020000017|sofia|1989-12-14|FEMALE|ABPLUS|sofia@gmail.com|12345682|0
1020000018|cara|1991-03-11|FEMALE|ABPLUS|cara@gmail.com|12345683|0
1020000019|celine|1996-03-07|FEMALE|ABMINUS|celine@gmail.com|12345684|0
1020000020|chloe|1989-03-10|FEMALE|ABPLUS|chloe@gmail.com|12345685|0